Date,Product_ID,Product_Name,Category,Region,Units_Sold,Price,Revenue
2025-03-02,P1448,Perfume,Beauty,North,5,468.33,2341.65
2024-11-24,P5123,Samsung TV,Electronics,West,5,185.94,929.7
2025-03-31,P2268,AirPods,Electronics,North,4,552.38,2209.52
2025-01-01,P2115,Chair,Home,West,2,328.43,656.86
2025-01-12,P1105,Lego Set,Toys,South,3,589.4,1768.2
2024-11-16,P6726,Puzzle,Toys,East,4,395.78,1583.12
2025-02-17,P1331,Lotion,Beauty,West,5,746.45,3732.25
2024-10-27,P3531,Lego Set,Toys,East,5,337.54,1687.7
2024-12-01,P4432,Samsung TV,Electronics,North,1,1060.0,1060.0
2024-12-11,P2025,Chair,Home,East,5,1136.57,5682.85
2025-03-20,P2918,Doll,Toys,South,5,1015.94,5079.7
2025-02-19,P6203,Lamp,Home,West,4,1147.37,4589.48
2025-03-21,P2161,Foundation,Beauty,East,1,681.75,681.75
2025-01-24,P5217,Samsung TV,Electronics,South,3,514.49,1543.47
2024-10-26,P9682,Board Game,Toys,North,2,1290.63,2581.26
2025-02-25,P3149,Doll,Toys,East,5,572.91,2864.55
2025-01-18,P8406,Lipstick,Beauty,North,2,1419.49,2838.98
2025-03-22,P9297,Foundation,Beauty,North,1,95.69,95.69
2025-01-18,P9324,Action Figure,Toys,East,1,492.57,492.57
2025-02-23,P4396,Board Game,Toys,North,4,792.47,3169.88
2024-11-02,P2257,T-Shirt,Clothing,West,2,527.44,1054.88
2025-03-24,P2642,Chair,Home,North,3,1418.44,4255.32
2025-01-28,P9570,Dell Laptop,Electronics,North,1,655.28,655.28
2025-02-18,P9002,Action Figure,Toys,South,5,958.3,4791.5
2024-11-24,P4764,Board Game,Toys,East,4,473.74,1894.96
2024-10-31,P7713,Puzzle,Toys,West,1,577.76,577.76
2024-12-31,P2999,MacBook,Electronics,East,2,1278.95,2557.9
2024-12-10,P8706,Sofa,Home,East,5,1403.57,7017.85
2024-12-15,P6937,Action Figure,Toys,East,3,1074.68,3224.04
2025-03-03,P9747,Table,Home,West,3,1342.82,4028.46
2025-02-13,P1510,Sneakers,Clothing,East,1,413.84,413.84
2024-12-21,P5192,iPhone 13,Electronics,East,2,971.09,1942.18
2024-10-15,P7317,Dell Laptop,Electronics,East,3,88.65,265.95
2025-02-13,P8021,Mascara,Beauty,West,3,1109.06,3327.18
2024-11-08,P8876,Lego Set,Toys,East,5,484.11,2420.55
2025-02-05,P7942,Lipstick,Beauty,South,1,342.23,342.23
2025-02-25,P9388,iPhone 13,Electronics,North,3,941.67,2825.01
2024-10-17,P7168,Jacket,Clothing,North,2,751.58,1503.16
2024-12-14,P2000,Lamp,Home,South,5,780.54,3902.7
2025-01-01,P3004,Action Figure,Toys,North,1,576.15,576.15
2025-03-06,P6230,Lotion,Beauty,South,1,1320.3,1320.3
2024-10-06,P6248,Samsung TV,Electronics,West,3,1058.75,3176.25
2024-12-21,P9090,Chair,Home,West,1,1031.51,1031.51
2025-03-17,P4926,Mascara,Beauty,North,2,190.66,381.32
2025-01-22,P2865,Sneakers,Clothing,West,4,1165.49,4661.96
2025-04-05,P7597,Puzzle,Toys,South,4,536.13,2144.52
2025-03-21,P5550,Sofa,Home,West,1,1084.67,1084.67
2025-01-13,P1485,Puzzle,Toys,North,4,865.71,3462.84
2025-02-12,P9096,Samsung TV,Electronics,North,5,1325.0,6625.0
2025-04-04,P5598,Sofa,Home,West,3,740.01,2220.03
2024-10-18,P3328,Chair,Home,East,2,1349.3,2698.6
2025-01-08,P6892,Sofa,Home,South,4,1072.24,4288.96
2024-10-17,P4113,Mascara,Beauty,South,5,1127.65,5638.25
2025-02-28,P7978,Mascara,Beauty,North,4,833.24,3332.96
2025-01-07,P9563,Puzzle,Toys,West,4,544.11,2176.44
2025-02-11,P3915,Jacket,Clothing,South,2,1015.53,2031.06
2025-01-22,P5847,Lipstick,Beauty,West,1,785.04,785.04
2025-03-16,P6166,Jeans,Clothing,West,5,1020.43,5102.15
2025-02-27,P3150,Table,Home,East,1,1444.09,1444.09
2025-01-05,P3617,Foundation,Beauty,North,5,711.98,3559.9
2024-10-08,P3062,Lego Set,Toys,East,2,282.56,565.12
2024-10-23,P8609,Jacket,Clothing,North,4,213.47,853.88
2024-11-22,P5171,Perfume,Beauty,East,2,1188.93,2377.86
2024-11-11,P4539,Foundation,Beauty,East,1,351.18,351.18
2024-11-16,P2633,Jeans,Clothing,North,3,983.02,2949.06
2024-12-09,P7920,T-Shirt,Clothing,East,5,1239.5,6197.5
2024-10-25,P6410,Perfume,Beauty,South,3,748.18,2244.54
2025-03-28,P9219,Action Figure,Toys,South,3,1462.46,4387.38
2024-11-08,P7497,Dell Laptop,Electronics,East,1,761.64,761.64
2024-12-17,P5806,MacBook,Electronics,South,3,1459.93,4379.79
2024-12-19,P6806,Lipstick,Beauty,North,4,1181.28,4725.12
2024-12-17,P2980,Sneakers,Clothing,South,5,1095.94,5479.7
2025-02-17,P4091,Lego Set,Toys,North,4,512.74,2050.96
2025-03-27,P3544,Perfume,Beauty,East,3,826.33,2478.99
2024-10-16,P9863,Foundation,Beauty,West,2,1324.02,2648.04
2024-12-07,P5044,Sneakers,Clothing,West,4,1208.04,4832.16
2024-11-12,P1081,MacBook,Electronics,East,4,869.44,3477.76
2025-03-09,P8207,Chair,Home,East,2,964.41,1928.82
2025-01-05,P1333,Puzzle,Toys,East,5,1399.14,6995.7
2025-02-02,P6924,Board Game,Toys,East,4,872.41,3489.64
2025-01-30,P8534,Doll,Toys,North,5,752.13,3760.65
2025-02-01,P6439,iPhone 13,Electronics,East,1,410.75,410.75
2025-01-08,P7290,Lotion,Beauty,North,2,934.74,1869.48
2024-11-17,P3545,Jacket,Clothing,West,4,197.62,790.48
2024-11-07,P7425,Board Game,Toys,North,1,984.85,984.85
2024-11-26,P2106,Lamp,Home,West,5,33.6,168.0
2024-10-28,P6003,Mascara,Beauty,North,2,202.26,404.52
2024-10-08,P5334,Puzzle,Toys,East,4,795.31,3181.24
2024-10-14,P5599,MacBook,Electronics,South,1,1463.43,1463.43
2025-02-12,P8017,Jeans,Clothing,South,5,399.11,1995.55
2024-11-14,P2318,Lotion,Beauty,South,3,427.45,1282.35
2024-10-26,P7642,Mattress,Home,West,1,1436.99,1436.99
2025-03-03,P2916,Mascara,Beauty,East,4,246.23,984.92
2025-02-14,P8851,Table,Home,West,4,798.09,3192.36
2024-12-13,P2180,Lipstick,Beauty,South,3,1050.8,3152.4
2025-02-11,P1915,Lamp,Home,South,5,969.83,4849.15
2025-03-30,P8844,iPhone 13,Electronics,North,4,535.51,2142.04
2024-12-25,P4311,AirPods,Electronics,South,5,1106.81,5534.05
2024-11-09,P6832,Dell Laptop,Electronics,West,4,1432.54,5730.16
2025-01-23,P1575,iPhone 13,Electronics,South,3,1139.51,3418.53
2025-02-23,P1984,Jeans,Clothing,West,5,448.98,2244.9
2025-02-07,P8615,Dress,Clothing,South,1,459.72,459.72
2024-11-17,P5071,Mattress,Home,East,4,179.53,718.12
2025-02-20,P2952,Table,Home,North,3,1490.98,4472.94
2024-10-26,P8825,Samsung TV,Electronics,South,3,56.18,168.54
2025-03-15,P8806,Dress,Clothing,North,1,541.89,541.89
2025-03-21,P7079,AirPods,Electronics,South,2,603.26,1206.52
2024-10-22,P2867,Perfume,Beauty,West,4,983.65,3934.6
2024-12-15,P2529,Perfume,Beauty,East,4,1329.72,5318.88
2024-11-16,P6463,Mascara,Beauty,South,1,628.39,628.39
2025-01-15,P4294,Lego Set,Toys,North,4,935.49,3741.96
2024-12-03,P5226,Lamp,Home,West,5,66.42,332.1
2025-01-15,P8757,Doll,Toys,South,1,917.67,917.67
2025-01-11,P8219,Samsung TV,Electronics,South,5,354.41,1772.05
2025-02-07,P6617,Puzzle,Toys,South,5,1315.42,6577.1
2025-04-04,P4548,Lamp,Home,North,2,47.64,95.28
2024-11-20,P5902,T-Shirt,Clothing,South,3,267.68,803.04
2024-12-21,P1187,Puzzle,Toys,West,4,258.84,1035.36
2024-12-23,P5860,iPhone 13,Electronics,East,2,433.62,867.24
2025-01-23,P2177,T-Shirt,Clothing,West,3,340.39,1021.17
2025-03-19,P9224,T-Shirt,Clothing,West,5,516.54,2582.7
2024-12-31,P5217,Perfume,Beauty,North,5,1323.73,6618.65
2024-10-24,P1043,iPhone 13,Electronics,North,1,507.43,507.43
2025-03-30,P5167,Board Game,Toys,West,5,188.6,943.0
2025-03-21,P6350,Jeans,Clothing,East,5,89.04,445.2
2024-10-30,P4071,Samsung TV,Electronics,North,1,676.05,676.05
2024-10-22,P3257,Lego Set,Toys,East,4,307.18,1228.72
2024-12-29,P9729,Mascara,Beauty,East,2,352.67,705.34
2024-10-05,P2623,Dell Laptop,Electronics,West,1,985.84,985.84
2025-01-08,P3951,T-Shirt,Clothing,West,2,1233.46,2466.92
2024-12-15,P2139,Foundation,Beauty,East,2,411.92,823.84
2024-10-10,P2340,iPhone 13,Electronics,West,2,1469.02,2938.04
2025-03-14,P9357,Sofa,Home,South,4,1224.23,4896.92
2024-11-10,P7721,T-Shirt,Clothing,South,4,570.14,2280.56
2025-02-18,P5350,Doll,Toys,North,5,198.98,994.9
2024-12-22,P9099,MacBook,Electronics,North,4,717.22,2868.88
2025-01-10,P1206,Perfume,Beauty,East,4,1454.86,5819.44
2025-02-04,P1358,Doll,Toys,East,1,114.81,114.81
2025-01-25,P9375,AirPods,Electronics,West,4,444.69,1778.76
2025-01-07,P6542,iPhone 13,Electronics,North,3,1256.57,3769.71
2025-03-22,P3673,Jeans,Clothing,West,1,528.22,528.22
2024-10-11,P4006,Sneakers,Clothing,East,1,1120.35,1120.35
2024-12-30,P9296,Samsung TV,Electronics,East,1,675.8,675.8
2024-11-10,P8640,Samsung TV,Electronics,East,5,1494.72,7473.6
2024-10-11,P2438,Jeans,Clothing,East,5,169.86,849.3
2024-11-08,P9139,Table,Home,North,4,203.41,813.64
2025-03-11,P9383,Sneakers,Clothing,East,4,818.52,3274.08
2025-03-13,P2850,Perfume,Beauty,South,5,1082.56,5412.8
2025-04-03,P9100,Jeans,Clothing,North,1,584.38,584.38
2025-03-03,P5191,Lamp,Home,South,1,41.26,41.26
2025-04-04,P5176,Sofa,Home,North,2,443.41,886.82
2024-12-15,P7211,Perfume,Beauty,South,3,786.99,2360.97
2025-03-14,P9653,Table,Home,West,3,820.32,2460.96
2025-03-11,P4758,MacBook,Electronics,South,4,1063.06,4252.24
2025-02-18,P7468,Foundation,Beauty,North,2,1132.44,2264.88
2024-12-14,P8631,Jacket,Clothing,East,5,900.54,4502.7
2024-12-21,P1258,Jeans,Clothing,East,5,748.86,3744.3
2024-10-30,P6954,Board Game,Toys,North,2,1257.51,2515.02
2025-01-21,P3171,Doll,Toys,East,2,1045.51,2091.02
2025-01-29,P1738,Table,Home,North,5,392.67,1963.35
2024-10-12,P4865,Table,Home,South,2,531.98,1063.96
2025-03-13,P3127,Puzzle,Toys,South,5,1103.64,5518.2
2025-03-11,P6969,Lamp,Home,South,2,971.25,1942.5
2024-12-21,P2803,Lego Set,Toys,West,2,909.8,1819.6
2024-10-09,P2760,Table,Home,East,3,1480.23,4440.69
2024-10-29,P8531,Foundation,Beauty,North,1,1092.7,1092.7
2024-11-27,P8403,Board Game,Toys,North,5,1374.39,6871.95
2024-11-23,P4428,Lamp,Home,West,1,595.54,595.54
2025-01-19,P5007,iPhone 13,Electronics,West,2,1047.2,2094.4
2024-10-30,P1165,Jacket,Clothing,East,4,618.19,2472.76
2025-01-14,P9476,Jeans,Clothing,West,1,1378.95,1378.95
2024-12-12,P7582,Puzzle,Toys,South,4,199.54,798.16
2025-01-04,P9744,Jeans,Clothing,East,4,744.19,2976.76
2025-01-30,P8438,Dress,Clothing,South,1,746.58,746.58
2025-01-14,P3878,Samsung TV,Electronics,East,1,105.8,105.8
2025-03-28,P8213,Dress,Clothing,South,4,437.71,1750.84
2024-12-12,P8634,Doll,Toys,West,5,1492.67,7463.35
2025-03-15,P2837,Lipstick,Beauty,South,5,72.05,360.25
2024-12-05,P4977,Sofa,Home,East,2,813.87,1627.74
2025-03-01,P5433,Lego Set,Toys,East,3,565.33,1695.99
2024-10-11,P1467,Dress,Clothing,West,2,394.43,788.86
2025-03-07,P1138,Chair,Home,East,5,1124.52,5622.6
2025-03-03,P4689,Puzzle,Toys,South,4,363.79,1455.16
2025-02-03,P8339,Mattress,Home,West,3,485.47,1456.41
2024-11-25,P3712,Lipstick,Beauty,West,2,201.75,403.5
2025-03-19,P3630,Mattress,Home,North,1,1182.35,1182.35
2025-02-21,P6827,Foundation,Beauty,North,2,886.11,1772.22
2025-03-05,P9532,Perfume,Beauty,East,4,107.51,430.04
2025-02-10,P5132,MacBook,Electronics,West,2,1383.17,2766.34
2025-03-23,P7002,Dell Laptop,Electronics,East,4,189.26,757.04
2024-10-06,P6144,AirPods,Electronics,South,4,116.08,464.32
2024-11-02,P4435,Puzzle,Toys,East,2,1053.14,2106.28
2025-01-24,P2321,Chair,Home,West,5,836.45,4182.25
2024-12-15,P8585,Lipstick,Beauty,North,3,60.19,180.57
2024-10-21,P9399,Sneakers,Clothing,North,2,1421.28,2842.56
2024-10-23,P3857,Lipstick,Beauty,South,5,28.22,141.1
2024-10-12,P7065,Sneakers,Clothing,East,5,1001.41,5007.05
2024-11-04,P5299,Board Game,Toys,North,1,933.43,933.43
2025-01-25,P1680,Doll,Toys,East,5,478.11,2390.55
2025-03-12,P2031,Sneakers,Clothing,West,3,467.9,1403.7
2024-11-11,P9614,T-Shirt,Clothing,North,5,272.62,1363.1
2025-02-03,P7136,Dell Laptop,Electronics,North,1,216.66,216.66
2025-02-22,P4424,Jacket,Clothing,North,3,319.43,958.29
2025-02-25,P3087,T-Shirt,Clothing,South,5,574.88,2874.4
2025-01-23,P4131,AirPods,Electronics,East,4,1345.04,5380.16
2024-12-22,P2400,Table,Home,West,2,1490.48,2980.96
2025-02-05,P8781,Lotion,Beauty,South,5,1059.96,5299.8
2024-12-11,P8428,Lamp,Home,South,1,725.28,725.28
2025-02-20,P7433,Action Figure,Toys,West,4,1200.67,4802.68
2025-01-21,P4228,Action Figure,Toys,West,5,627.95,3139.75
2025-03-20,P2276,Lotion,Beauty,South,2,874.23,1748.46
2025-01-19,P4247,Table,Home,West,5,207.02,1035.1
2024-10-21,P3699,Dell Laptop,Electronics,South,1,964.88,964.88
2024-11-07,P7349,Lamp,Home,South,5,450.75,2253.75
2024-10-16,P1996,T-Shirt,Clothing,North,2,584.38,1168.76
2025-02-11,P8673,Sneakers,Clothing,West,4,276.58,1106.32
2024-11-06,P9346,T-Shirt,Clothing,South,4,391.14,1564.56
2025-01-11,P3638,AirPods,Electronics,West,3,1481.5,4444.5
2024-12-07,P9750,Mascara,Beauty,South,4,1200.16,4800.64
2025-03-28,P3460,Samsung TV,Electronics,North,3,473.58,1420.74
2025-02-25,P4446,Dell Laptop,Electronics,North,5,859.17,4295.85
2025-03-14,P6607,Table,Home,South,4,765.01,3060.04
2025-03-16,P9084,Lotion,Beauty,West,5,1079.94,5399.7
2024-11-27,P6391,Action Figure,Toys,South,4,1319.81,5279.24
2025-02-12,P5032,Board Game,Toys,West,1,1376.39,1376.39
2024-12-16,P9975,Samsung TV,Electronics,West,1,907.25,907.25
2025-01-30,P6941,Chair,Home,West,4,1349.31,5397.24
2025-02-04,P4192,Samsung TV,Electronics,North,3,655.12,1965.36
2025-01-19,P9778,Lamp,Home,North,1,29.63,29.63
2025-03-28,P9018,Mattress,Home,North,2,662.27,1324.54
2024-10-21,P9854,Perfume,Beauty,South,1,1387.87,1387.87
2024-11-13,P3342,MacBook,Electronics,North,3,1149.9,3449.7
2024-10-30,P8348,Lotion,Beauty,East,3,854.48,2563.44
2025-02-18,P8102,Chair,Home,East,4,1048.27,4193.08
2024-12-02,P3900,Foundation,Beauty,West,1,1222.84,1222.84
2025-03-09,P1186,Table,Home,West,3,685.31,2055.93
2024-12-13,P6873,Lotion,Beauty,West,5,731.58,3657.9
2025-01-03,P1053,Lipstick,Beauty,North,5,396.41,1982.05
2025-02-11,P2783,Dell Laptop,Electronics,West,5,1072.92,5364.6
2024-11-06,P1193,AirPods,Electronics,North,3,1410.78,4232.34
2024-10-24,P3801,Puzzle,Toys,West,2,1164.28,2328.56
2024-10-11,P7276,Jeans,Clothing,West,3,1063.03,3189.09
2024-11-17,P1060,Lamp,Home,East,4,1377.7,5510.8
2025-02-07,P4132,Mascara,Beauty,West,5,21.55,107.75
2024-11-28,P9952,Action Figure,Toys,West,2,630.21,1260.42
2024-11-28,P3649,T-Shirt,Clothing,North,2,196.63,393.26
2025-03-19,P4314,Mascara,Beauty,South,3,106.3,318.9
2025-01-30,P7387,Mascara,Beauty,South,3,122.25,366.75
2024-10-07,P2392,Lipstick,Beauty,South,4,264.24,1056.96
2025-01-26,P5809,Puzzle,Toys,South,2,1342.51,2685.02
2025-02-21,P6417,Lotion,Beauty,South,1,952.32,952.32
2024-11-19,P8759,Dress,Clothing,South,3,404.34,1213.02
2024-12-28,P5677,Dress,Clothing,North,2,197.47,394.94
2025-02-14,P8414,Samsung TV,Electronics,South,5,266.17,1330.85
2025-03-12,P9164,Sneakers,Clothing,South,1,602.87,602.87
2024-12-18,P2318,Chair,Home,West,4,810.55,3242.2
2024-10-11,P5086,T-Shirt,Clothing,East,1,1443.87,1443.87
2025-03-27,P6804,Lamp,Home,West,4,1031.66,4126.64
2025-01-16,P6938,Table,Home,West,5,666.68,3333.4
2024-11-17,P7195,Dell Laptop,Electronics,South,1,673.38,673.38
2024-11-20,P1907,Dell Laptop,Electronics,West,1,1159.52,1159.52
2025-02-24,P6052,Lamp,Home,North,1,1088.28,1088.28
2024-12-28,P3360,Lipstick,Beauty,West,5,739.36,3696.8
2024-12-03,P7965,iPhone 13,Electronics,West,4,949.3,3797.2
2025-02-25,P6900,Chair,Home,South,4,1073.7,4294.8
2025-03-29,P7741,Lipstick,Beauty,West,2,1328.25,2656.5
2025-03-10,P6473,Jacket,Clothing,East,3,1244.84,3734.52
2024-11-10,P4264,Samsung TV,Electronics,South,3,290.47,871.41
2025-04-02,P6812,T-Shirt,Clothing,North,2,1041.96,2083.92
2025-01-05,P3657,Table,Home,West,1,462.28,462.28
2024-11-17,P4528,Lamp,Home,West,1,159.4,159.4
2025-03-27,P7286,T-Shirt,Clothing,North,1,1415.92,1415.92
2025-03-14,P2265,MacBook,Electronics,North,3,1138.65,3415.95
2024-11-11,P5333,Perfume,Beauty,West,1,1322.2,1322.2
2024-10-15,P3384,Foundation,Beauty,North,5,1169.11,5845.55
2025-01-22,P4311,Action Figure,Toys,South,1,120.28,120.28
2024-11-11,P6346,Table,Home,South,1,1159.7,1159.7
2025-04-05,P4080,Puzzle,Toys,South,2,888.53,1777.06
2025-03-10,P8059,Puzzle,Toys,West,4,1194.17,4776.68
2025-02-28,P5606,AirPods,Electronics,East,3,831.23,2493.69
2025-01-21,P7703,Lotion,Beauty,East,5,1245.17,6225.85
2024-10-14,P2404,Chair,Home,East,1,612.72,612.72
2024-10-05,P6482,Mattress,Home,South,3,541.98,1625.94
2024-10-28,P1392,Lego Set,Toys,North,1,278.73,278.73
2024-11-24,P7110,T-Shirt,Clothing,West,3,326.17,978.51
2024-10-29,P9030,Sneakers,Clothing,North,1,1232.73,1232.73
2024-10-27,P6997,Lotion,Beauty,East,2,700.38,1400.76
2025-02-14,P6440,Sofa,Home,North,4,507.51,2030.04
2025-03-17,P4660,Samsung TV,Electronics,South,1,1214.24,1214.24
2025-04-03,P7399,Dell Laptop,Electronics,North,5,370.68,1853.4
2025-03-16,P7040,Table,Home,West,5,265.69,1328.45
2025-01-24,P2783,Lipstick,Beauty,North,1,315.39,315.39
2024-11-27,P8811,Lipstick,Beauty,East,3,513.15,1539.45
2024-11-04,P3546,Mattress,Home,West,5,1408.47,7042.35
2024-10-24,P3000,Perfume,Beauty,East,4,595.64,2382.56
2024-10-23,P6729,Action Figure,Toys,North,4,1243.77,4975.08
2025-04-04,P9729,Sneakers,Clothing,South,3,748.57,2245.71
2025-02-20,P3670,Jeans,Clothing,West,2,459.14,918.28
2024-12-05,P2933,Lamp,Home,North,1,1150.63,1150.63
2024-12-04,P4246,Lotion,Beauty,West,4,862.03,3448.12
2025-01-28,P8008,Dress,Clothing,West,2,259.88,519.76
2024-12-14,P4514,Perfume,Beauty,North,2,48.28,96.56
2025-01-04,P3451,Foundation,Beauty,South,2,562.21,1124.42
2024-10-12,P6133,Jacket,Clothing,South,4,419.51,1678.04
2025-01-26,P1265,Lipstick,Beauty,West,1,1498.45,1498.45
2025-03-18,P4604,Sneakers,Clothing,West,1,583.25,583.25
2025-01-23,P5607,Sofa,Home,West,1,723.41,723.41
2024-12-05,P6213,Lego Set,Toys,South,3,653.78,1961.34
2025-03-19,P7902,Jeans,Clothing,North,4,698.19,2792.76
2024-12-01,P3321,T-Shirt,Clothing,South,4,1460.93,5843.72
2024-11-15,P8092,Foundation,Beauty,South,5,139.98,699.9
2025-03-28,P5781,Perfume,Beauty,West,4,112.01,448.04
2024-11-20,P4241,iPhone 13,Electronics,West,2,528.47,1056.94
2024-10-12,P1619,Perfume,Beauty,West,4,913.26,3653.04
2024-11-27,P1325,Samsung TV,Electronics,South,3,15.04,45.12
2025-02-07,P6811,Perfume,Beauty,North,4,806.01,3224.04
2025-03-29,P7667,Mattress,Home,South,2,13.86,27.72
2024-12-18,P8087,Jeans,Clothing,North,1,1033.5,1033.5
2025-03-16,P2616,Doll,Toys,South,5,405.27,2026.35
2024-10-17,P7492,Table,Home,West,5,909.53,4547.65
2025-01-19,P4996,Mattress,Home,North,3,1329.48,3988.44
2024-12-10,P4782,T-Shirt,Clothing,South,2,93.2,186.4
2025-03-29,P1341,Lotion,Beauty,North,2,1394.46,2788.92
2025-03-16,P8149,Lamp,Home,North,4,1316.4,5265.6
2024-12-26,P5151,Foundation,Beauty,South,4,1056.52,4226.08
2025-03-14,P5099,Lotion,Beauty,West,1,799.26,799.26
2025-01-29,P2932,Lamp,Home,South,4,234.16,936.64
2025-02-19,P8011,Perfume,Beauty,South,2,656.71,1313.42
2024-11-19,P6006,Action Figure,Toys,West,4,262.97,1051.88
2025-02-22,P9648,Foundation,Beauty,North,4,760.87,3043.48
2024-12-07,P3093,Table,Home,South,4,246.7,986.8
2025-02-27,P4344,Jacket,Clothing,South,2,1242.01,2484.02
2025-02-17,P7035,T-Shirt,Clothing,East,5,480.93,2404.65
2024-10-25,P7293,Lipstick,Beauty,West,3,863.55,2590.65
2025-03-10,P8828,Mattress,Home,East,5,53.95,269.75
2025-03-18,P2600,Sofa,Home,North,1,463.73,463.73
2025-03-19,P2155,Sofa,Home,North,1,851.76,851.76
2025-02-03,P4160,Sofa,Home,West,5,1371.74,6858.7
2025-02-01,P1238,Jacket,Clothing,South,5,1184.26,5921.3
2024-11-14,P6153,Lamp,Home,East,4,317.24,1268.96
2024-12-29,P2775,Puzzle,Toys,East,2,420.01,840.02
2024-12-21,P8456,Dell Laptop,Electronics,North,5,1207.55,6037.75
2024-12-28,P5453,Chair,Home,South,4,20.53,82.12
2024-11-13,P7973,Sneakers,Clothing,West,2,957.45,1914.9
2024-12-01,P9341,Doll,Toys,South,2,1277.44,2554.88
2025-01-28,P8279,Jacket,Clothing,East,5,508.35,2541.75
2025-01-20,P5918,T-Shirt,Clothing,East,2,1115.3,2230.6
2024-12-02,P5130,Samsung TV,Electronics,East,2,1381.4,2762.8
2024-11-11,P1013,Lego Set,Toys,East,3,303.32,909.96
2025-03-13,P5840,Perfume,Beauty,East,2,493.53,987.06
2025-03-13,P2002,Dress,Clothing,East,4,1466.64,5866.56
2025-03-31,P4510,Sofa,Home,South,1,662.84,662.84
2024-10-10,P6698,MacBook,Electronics,West,3,309.36,928.08
2024-11-03,P3764,Dress,Clothing,East,3,667.15,2001.45
2024-11-05,P1069,Puzzle,Toys,West,3,84.75,254.25
2025-02-12,P6078,iPhone 13,Electronics,South,2,38.23,76.46
2024-12-25,P2339,Lotion,Beauty,East,5,207.83,1039.15
2024-12-27,P6437,Sofa,Home,South,4,118.68,474.72
2025-03-12,P7303,Doll,Toys,West,3,270.88,812.64
2024-12-23,P7006,Perfume,Beauty,West,2,1327.1,2654.2
2024-10-29,P1121,MacBook,Electronics,East,5,1149.18,5745.9
2025-01-26,P9634,Sneakers,Clothing,East,1,541.23,541.23
2024-12-31,P5505,Lamp,Home,South,3,892.18,2676.54
2025-02-26,P2621,Jacket,Clothing,North,4,1033.57,4134.28
2025-03-31,P6694,iPhone 13,Electronics,East,1,761.1,761.1
2024-10-06,P6372,MacBook,Electronics,South,5,399.02,1995.1
2024-10-28,P3448,T-Shirt,Clothing,North,2,1441.88,2883.76
2024-10-13,P9983,Sofa,Home,North,5,548.81,2744.05
2024-12-03,P1663,Chair,Home,East,3,1287.82,3863.46
2025-01-29,P3995,iPhone 13,Electronics,North,3,11.37,34.11
2025-01-12,P2891,T-Shirt,Clothing,North,2,467.32,934.64
2025-03-10,P2320,Perfume,Beauty,West,2,516.89,1033.78
2025-02-22,P6039,Perfume,Beauty,East,2,786.13,1572.26
2024-12-27,P6151,Mattress,Home,West,2,1223.97,2447.94
2024-12-02,P1180,Mascara,Beauty,West,5,898.76,4493.8
2025-01-20,P3487,AirPods,Electronics,North,5,565.33,2826.65
2024-11-12,P1217,T-Shirt,Clothing,North,2,379.39,758.78
2025-01-19,P6353,Doll,Toys,North,3,1137.42,3412.26
2024-12-15,P2692,Chair,Home,East,1,517.24,517.24
2024-10-31,P5975,Dell Laptop,Electronics,West,1,311.35,311.35
2025-02-19,P4459,Table,Home,North,4,1021.42,4085.68
2025-01-30,P7104,Board Game,Toys,South,1,299.6,299.6
2024-11-12,P1227,Puzzle,Toys,South,4,606.8,2427.2
2024-11-08,P9287,Lamp,Home,South,1,583.54,583.54
2024-11-20,P5815,Doll,Toys,West,2,1090.55,2181.1
2024-11-16,P5193,T-Shirt,Clothing,East,1,722.16,722.16
2025-02-02,P4360,Lamp,Home,North,1,171.16,171.16
2025-02-02,P9336,Dell Laptop,Electronics,West,5,1442.71,7213.55
2024-10-27,P9190,Puzzle,Toys,West,4,1261.27,5045.08
2024-12-15,P8557,Table,Home,East,4,372.82,1491.28
2024-11-21,P2953,Action Figure,Toys,South,3,1245.7,3737.1
2024-12-29,P6775,Dress,Clothing,North,4,796.97,3187.88
2025-03-06,P9952,iPhone 13,Electronics,East,5,473.65,2368.25
2025-03-23,P3281,Lipstick,Beauty,West,1,1088.59,1088.59
2025-01-18,P9005,Mascara,Beauty,East,5,254.83,1274.15
2024-10-15,P8837,Lego Set,Toys,East,2,907.02,1814.04
2025-02-17,P8388,Sofa,Home,East,3,1256.09,3768.27
2025-02-18,P8949,Mascara,Beauty,West,4,526.79,2107.16
2025-03-01,P7693,MacBook,Electronics,East,2,557.45,1114.9
2024-10-27,P5757,Foundation,Beauty,South,5,1063.63,5318.15
2025-03-28,P9543,Samsung TV,Electronics,West,1,813.89,813.89
2024-11-04,P9106,Table,Home,North,3,1408.43,4225.29
2024-10-24,P3280,AirPods,Electronics,East,2,1110.53,2221.06
2024-11-18,P5698,Sofa,Home,South,3,768.64,2305.92
2025-02-06,P3900,AirPods,Electronics,East,2,1469.3,2938.6
2024-12-01,P1813,Board Game,Toys,North,2,1248.59,2497.18
2024-11-14,P3187,Mascara,Beauty,South,4,1122.17,4488.68
2024-10-15,P2366,iPhone 13,Electronics,North,2,1282.07,2564.14
2025-02-13,P3063,Puzzle,Toys,South,2,1197.36,2394.72
2024-12-05,P7486,iPhone 13,Electronics,West,1,1022.92,1022.92
2025-03-14,P2095,Jeans,Clothing,South,4,658.85,2635.4
2025-02-15,P6533,Jeans,Clothing,East,4,1039.51,4158.04
2024-12-24,P8029,Dress,Clothing,South,3,1127.45,3382.35
2025-03-07,P9417,Lotion,Beauty,East,5,170.37,851.85
2024-11-09,P7365,Foundation,Beauty,West,1,849.79,849.79
2024-11-02,P5353,Dell Laptop,Electronics,South,5,1136.69,5683.45
2025-04-01,P7293,Board Game,Toys,North,4,783.72,3134.88
2024-12-12,P1439,Mattress,Home,South,3,648.44,1945.32
2024-10-14,P8100,Chair,Home,South,5,260.93,1304.65
2025-01-05,P6065,Samsung TV,Electronics,East,2,758.54,1517.08
2025-02-20,P6895,Mattress,Home,East,2,749.47,1498.94
2025-03-16,P3094,Mascara,Beauty,North,3,1096.22,3288.66
2025-03-27,P1439,Lotion,Beauty,East,3,1105.81,3317.43
2025-01-14,P5459,Samsung TV,Electronics,South,3,1130.73,3392.19
2024-12-19,P9602,Mattress,Home,North,5,460.31,2301.55
2024-10-10,P7177,iPhone 13,Electronics,South,1,1244.29,1244.29
2025-02-17,P8545,Doll,Toys,South,1,390.83,390.83
2024-10-17,P7445,Table,Home,West,1,955.54,955.54
2025-02-10,P5692,Doll,Toys,South,1,924.99,924.99
2025-03-04,P7967,Mascara,Beauty,South,3,1277.16,3831.48
2025-01-17,P8132,Jeans,Clothing,North,1,961.93,961.93
2024-11-22,P9297,Lipstick,Beauty,North,2,1425.46,2850.92
2025-04-05,P5985,Mattress,Home,West,1,1056.62,1056.62
2025-03-08,P1927,Lotion,Beauty,East,5,990.63,4953.15
2025-03-19,P1428,Table,Home,North,2,1449.24,2898.48
2024-11-22,P7145,Lotion,Beauty,South,4,351.43,1405.72
2024-10-20,P8610,Sneakers,Clothing,West,4,1352.35,5409.4
2024-11-09,P9457,Jeans,Clothing,West,5,111.47,557.35
2025-03-22,P9084,Table,Home,West,2,1197.97,2395.94
2024-12-15,P4452,Dell Laptop,Electronics,North,5,1280.89,6404.45
2024-11-15,P2210,Lipstick,Beauty,South,4,339.97,1359.88
2025-02-22,P9609,Doll,Toys,West,5,1347.24,6736.2
2025-02-02,P4407,T-Shirt,Clothing,North,4,1108.94,4435.76
2025-02-12,P1514,Dress,Clothing,West,5,1254.65,6273.25
2024-11-08,P5096,Mattress,Home,South,4,1319.45,5277.8
2025-01-05,P1726,Doll,Toys,North,3,1046.73,3140.19
2025-03-01,P4026,Lamp,Home,West,3,1165.4,3496.2
2024-11-24,P9884,Table,Home,East,2,49.99,99.98
2024-12-17,P7168,MacBook,Electronics,West,3,986.66,2959.98
2024-11-26,P5910,Dress,Clothing,North,5,966.81,4834.05
2024-10-06,P1035,Lamp,Home,East,1,337.69,337.69
2025-01-11,P6074,Chair,Home,North,2,164.5,329.0
2024-11-04,P9139,Perfume,Beauty,West,3,674.22,2022.66
2025-01-31,P6262,iPhone 13,Electronics,North,5,1147.74,5738.7
2024-12-07,P1328,Samsung TV,Electronics,East,2,764.9,1529.8
2025-03-29,P8377,Sneakers,Clothing,South,5,759.79,3798.95
2025-01-05,P7770,Table,Home,East,4,28.76,115.04
2024-12-14,P5610,Chair,Home,South,1,156.54,156.54
2024-12-05,P3953,Jacket,Clothing,West,5,1104.69,5523.45
2025-01-13,P2060,Lipstick,Beauty,West,4,799.93,3199.72
2025-04-05,P6764,Dell Laptop,Electronics,West,1,904.88,904.88
2024-12-09,P5076,Lamp,Home,East,5,124.7,623.5
2024-12-05,P4062,Lego Set,Toys,South,1,277.85,277.85
2025-03-12,P6099,Sofa,Home,East,3,369.2,1107.6
2025-03-14,P1300,Action Figure,Toys,East,2,45.31,90.62
2024-12-08,P1904,Mascara,Beauty,West,4,1245.58,4982.32
2025-02-03,P7416,Table,Home,South,2,912.78,1825.56
2024-10-15,P1861,Perfume,Beauty,South,1,637.11,637.11
2025-03-05,P2556,Action Figure,Toys,South,2,639.72,1279.44
2025-03-28,P7767,Dell Laptop,Electronics,East,3,397.81,1193.43
2025-03-28,P3842,Table,Home,South,4,1446.64,5786.56
2025-01-19,P3799,Chair,Home,South,3,98.77,296.31
2025-04-04,P6764,Table,Home,North,1,81.11,81.11
2024-11-12,P1093,AirPods,Electronics,South,5,1422.68,7113.4
2025-02-05,P6273,Sneakers,Clothing,West,3,985.37,2956.11
2025-03-01,P3834,Table,Home,South,1,1408.92,1408.92
2024-12-22,P4640,Perfume,Beauty,North,4,1469.12,5876.48
2025-03-06,P7138,Chair,Home,South,3,1250.58,3751.74
2025-02-15,P7820,Lego Set,Toys,North,2,936.8,1873.6
2025-03-28,P9615,Lotion,Beauty,West,4,944.9,3779.6
2024-12-17,P5273,MacBook,Electronics,East,1,231.62,231.62
2024-11-09,P1621,Foundation,Beauty,North,2,398.19,796.38
2024-12-23,P7785,Mascara,Beauty,South,4,1143.1,4572.4
2025-03-08,P3153,Board Game,Toys,South,3,568.61,1705.83
2025-01-01,P7748,Dress,Clothing,East,1,213.25,213.25
2025-01-13,P6488,Sneakers,Clothing,South,1,625.02,625.02
2025-03-21,P1340,AirPods,Electronics,East,4,1141.38,4565.52
2024-12-31,P4533,Mascara,Beauty,North,1,638.73,638.73
2025-03-12,P5689,Foundation,Beauty,North,5,175.69,878.45
2025-01-12,P1592,Board Game,Toys,West,1,1445.63,1445.63
2025-01-11,P6981,Mascara,Beauty,East,3,754.72,2264.16
2025-03-14,P5386,Lipstick,Beauty,South,1,1245.98,1245.98
2025-01-03,P7915,Mattress,Home,South,1,679.88,679.88
2025-02-19,P7651,Mattress,Home,East,3,721.79,2165.37
2025-03-04,P7585,Lamp,Home,South,5,540.39,2701.95
2025-03-18,P4302,Mascara,Beauty,East,4,716.19,2864.76
2025-02-23,P5216,AirPods,Electronics,West,1,171.13,171.13
2025-03-16,P8607,Chair,Home,North,2,993.74,1987.48
2025-03-27,P3827,Sofa,Home,South,1,135.01,135.01
2024-11-09,P7854,Chair,Home,West,5,923.1,4615.5
